<?xml version="1.0" encoding="UTF-8"?><?xml-stylesheet type='text/xsl' href='_UpgradeReport_Files/UpgradeReport.xslt'?><UpgradeLog>
<Properties><Property Name="Solution" Value="WebTaskManager">
</Property><Property Name="Solution File" Value="D:\_Development\ICC\WebTaskManager\WebTaskManager.sln">
</Property><Property Name="User Options File" Value="D:\_Development\ICC\WebTaskManager\WebTaskManager.suo">
</Property><Property Name="Date" Value="4 апреля 2010 г.">
</Property><Property Name="Time" Value="20:29">
</Property></Properties><Event ErrorLevel="0" Project="" Source="WebTaskManager.sln" Description="File successfully backed up as D:\_Development\ICC\WebTaskManager\Backup\WebTaskManager.sln">
</Event><Event ErrorLevel="0" Project="" Source="WebTaskManager.suo" Description="File successfully backed up as D:\_Development\ICC\WebTaskManager\Backup\WebTaskManager.suo">
</Event><Event ErrorLevel="0" Project="WebTaskManager" Source="WebTaskManager.csproj" Description="Project file successfully backed up as D:\_Development\ICC\WebTaskManager\Backup\WebTaskManager.csproj">
</Event><Event ErrorLevel="0" Project="WebTaskManager" Source="WebTaskManager.csproj.user" Description="Project user file successfully backed up as D:\_Development\ICC\WebTaskManager\Backup\WebTaskManager.csproj.user">
</Event><Event ErrorLevel="0" Project="WebTaskManager" Source="ClusterDiagnostics.cs" Description="File successfully backed up as D:\_Development\ICC\WebTaskManager\Backup\ClusterDiagnostics.cs">
</Event><Event ErrorLevel="0" Project="WebTaskManager" Source="ClusterDiagnostics.designer.cs" Description="File successfully backed up as D:\_Development\ICC\WebTaskManager\Backup\ClusterDiagnostics.designer.cs">
</Event><Event ErrorLevel="0" Project="WebTaskManager" Source="ClusterPerformance.aspx.cs" Description="File successfully backed up as D:\_Development\ICC\WebTaskManager\Backup\ClusterPerformance.aspx.cs">
</Event><Event ErrorLevel="0" Project="WebTaskManager" Source="ClusterPerformance.aspx.designer.cs" Description="File successfully backed up as D:\_Development\ICC\WebTaskManager\Backup\ClusterPerformance.aspx.designer.cs">
</Event><Event ErrorLevel="0" Project="WebTaskManager" Source="CustomMembership.cs" Description="File successfully backed up as D:\_Development\ICC\WebTaskManager\Backup\CustomMembership.cs">
</Event><Event ErrorLevel="0" Project="WebTaskManager" Source="ClusterConnect.cs" Description="File successfully backed up as D:\_Development\ICC\WebTaskManager\Backup\ClusterConnect.cs">
</Event><Event ErrorLevel="0" Project="WebTaskManager" Source="ClusterTasksStatistic.aspx.cs" Description="File successfully backed up as D:\_Development\ICC\WebTaskManager\Backup\ClusterTasksStatistic.aspx.cs">
</Event><Event ErrorLevel="0" Project="WebTaskManager" Source="ClusterTasksStatistic.aspx.designer.cs" Description="File successfully backed up as D:\_Development\ICC\WebTaskManager\Backup\ClusterTasksStatistic.aspx.designer.cs">
</Event><Event ErrorLevel="0" Project="WebTaskManager" Source="FileManager\FileManager.ascx.cs" Description="File successfully backed up as D:\_Development\ICC\WebTaskManager\Backup\FileManager\FileManager.ascx.cs">
</Event><Event ErrorLevel="0" Project="WebTaskManager" Source="FileManager\FileManager.ascx.designer.cs" Description="File successfully backed up as D:\_Development\ICC\WebTaskManager\Backup\FileManager\FileManager.ascx.designer.cs">
</Event><Event ErrorLevel="0" Project="WebTaskManager" Source="FileManager\SystemFileManager.cs" Description="File successfully backed up as D:\_Development\ICC\WebTaskManager\Backup\FileManager\SystemFileManager.cs">
</Event><Event ErrorLevel="0" Project="WebTaskManager" Source="TaskStatisticDataSet.Designer.cs" Description="File successfully backed up as D:\_Development\ICC\WebTaskManager\Backup\TaskStatisticDataSet.Designer.cs">
</Event><Event ErrorLevel="0" Project="WebTaskManager" Source="Default.aspx.cs" Description="File successfully backed up as D:\_Development\ICC\WebTaskManager\Backup\Default.aspx.cs">
</Event><Event ErrorLevel="0" Project="WebTaskManager" Source="Default.aspx.designer.cs" Description="File successfully backed up as D:\_Development\ICC\WebTaskManager\Backup\Default.aspx.designer.cs">
</Event><Event ErrorLevel="0" Project="WebTaskManager" Source="Login.aspx.cs" Description="File successfully backed up as D:\_Development\ICC\WebTaskManager\Backup\Login.aspx.cs">
</Event><Event ErrorLevel="0" Project="WebTaskManager" Source="Login.aspx.designer.cs" Description="File successfully backed up as D:\_Development\ICC\WebTaskManager\Backup\Login.aspx.designer.cs">
</Event><Event ErrorLevel="0" Project="WebTaskManager" Source="MasterPage.Master.cs" Description="File successfully backed up as D:\_Development\ICC\WebTaskManager\Backup\MasterPage.Master.cs">
</Event><Event ErrorLevel="0" Project="WebTaskManager" Source="MasterPage.Master.designer.cs" Description="File successfully backed up as D:\_Development\ICC\WebTaskManager\Backup\MasterPage.Master.designer.cs">
</Event><Event ErrorLevel="0" Project="WebTaskManager" Source="Properties\AssemblyInfo.cs" Description="File successfully backed up as D:\_Development\ICC\WebTaskManager\Backup\Properties\AssemblyInfo.cs">
</Event><Event ErrorLevel="0" Project="WebTaskManager" Source="Task\SendFiles.aspx.cs" Description="File successfully backed up as D:\_Development\ICC\WebTaskManager\Backup\Task\SendFiles.aspx.cs">
</Event><Event ErrorLevel="0" Project="WebTaskManager" Source="Task\SendFiles.aspx.designer.cs" Description="File successfully backed up as D:\_Development\ICC\WebTaskManager\Backup\Task\SendFiles.aspx.designer.cs">
</Event><Event ErrorLevel="0" Project="WebTaskManager" Source="Task\AddJob.aspx.cs" Description="File successfully backed up as D:\_Development\ICC\WebTaskManager\Backup\Task\AddJob.aspx.cs">
</Event><Event ErrorLevel="0" Project="WebTaskManager" Source="Task\AddJob.aspx.designer.cs" Description="File successfully backed up as D:\_Development\ICC\WebTaskManager\Backup\Task\AddJob.aspx.designer.cs">
</Event><Event ErrorLevel="0" Project="WebTaskManager" Source="Task\AddTaskDS.cs" Description="File successfully backed up as D:\_Development\ICC\WebTaskManager\Backup\Task\AddTaskDS.cs">
</Event><Event ErrorLevel="0" Project="WebTaskManager" Source="Task\ShowTaskDS.cs" Description="File successfully backed up as D:\_Development\ICC\WebTaskManager\Backup\Task\ShowTaskDS.cs">
</Event><Event ErrorLevel="0" Project="WebTaskManager" Source="Task\ShowTasks.aspx.cs" Description="File successfully backed up as D:\_Development\ICC\WebTaskManager\Backup\Task\ShowTasks.aspx.cs">
</Event><Event ErrorLevel="0" Project="WebTaskManager" Source="Task\ShowTasks.aspx.designer.cs" Description="File successfully backed up as D:\_Development\ICC\WebTaskManager\Backup\Task\ShowTasks.aspx.designer.cs">
</Event><Event ErrorLevel="0" Project="WebTaskManager" Source="Task\WorkDirectory.aspx.cs" Description="File successfully backed up as D:\_Development\ICC\WebTaskManager\Backup\Task\WorkDirectory.aspx.cs">
</Event><Event ErrorLevel="0" Project="WebTaskManager" Source="Task\WorkDirectory.aspx.designer.cs" Description="File successfully backed up as D:\_Development\ICC\WebTaskManager\Backup\Task\WorkDirectory.aspx.designer.cs">
</Event><Event ErrorLevel="0" Project="WebTaskManager" Source="ClusterDiagnostics.dbml" Description="File successfully backed up as D:\_Development\ICC\WebTaskManager\Backup\ClusterDiagnostics.dbml">
</Event><Event ErrorLevel="0" Project="WebTaskManager" Source="ClusterDiagnostics.dbml.layout" Description="File successfully backed up as D:\_Development\ICC\WebTaskManager\Backup\ClusterDiagnostics.dbml.layout">
</Event><Event ErrorLevel="0" Project="WebTaskManager" Source="design\.svn\all-wcprops" Description="File successfully backed up as D:\_Development\ICC\WebTaskManager\Backup\design\.svn\all-wcprops">
</Event><Event ErrorLevel="0" Project="WebTaskManager" Source="design\.svn\entries" Description="File successfully backed up as D:\_Development\ICC\WebTaskManager\Backup\design\.svn\entries">
</Event><Event ErrorLevel="0" Project="WebTaskManager" Source="design\.svn\format" Description="File successfully backed up as D:\_Development\ICC\WebTaskManager\Backup\design\.svn\format">
</Event><Event ErrorLevel="0" Project="WebTaskManager" Source="design\.svn\prop-base\bottom.html.svn-base" Description="File successfully backed up as D:\_Development\ICC\WebTaskManager\Backup\design\.svn\prop-base\bottom.html.svn-base">
</Event><Event ErrorLevel="0" Project="WebTaskManager" Source="design\.svn\prop-base\favicon.ico.svn-base" Description="File successfully backed up as D:\_Development\ICC\WebTaskManager\Backup\design\.svn\prop-base\favicon.ico.svn-base">
</Event><Event ErrorLevel="0" Project="WebTaskManager" Source="design\.svn\prop-base\main.html.svn-base" Description="File successfully backed up as D:\_Development\ICC\WebTaskManager\Backup\design\.svn\prop-base\main.html.svn-base">
</Event><Event ErrorLevel="0" Project="WebTaskManager" Source="design\.svn\prop-base\tasks-list.html.svn-base" Description="File successfully backed up as D:\_Development\ICC\WebTaskManager\Backup\design\.svn\prop-base\tasks-list.html.svn-base">
</Event><Event ErrorLevel="0" Project="WebTaskManager" Source="design\.svn\prop-base\tasks.html.svn-base" Description="File successfully backed up as D:\_Development\ICC\WebTaskManager\Backup\design\.svn\prop-base\tasks.html.svn-base">
</Event><Event ErrorLevel="0" Project="WebTaskManager" Source="design\.svn\prop-base\top.html.svn-base" Description="File successfully backed up as D:\_Development\ICC\WebTaskManager\Backup\design\.svn\prop-base\top.html.svn-base">
</Event><Event ErrorLevel="0" Project="WebTaskManager" Source="design\.svn\text-base\bottom.html.svn-base" Description="File successfully backed up as D:\_Development\ICC\WebTaskManager\Backup\design\.svn\text-base\bottom.html.svn-base">
</Event><Event ErrorLevel="0" Project="WebTaskManager" Source="design\.svn\text-base\favicon.ico.svn-base" Description="File successfully backed up as D:\_Development\ICC\WebTaskManager\Backup\design\.svn\text-base\favicon.ico.svn-base">
</Event><Event ErrorLevel="0" Project="WebTaskManager" Source="design\.svn\text-base\main.html.svn-base" Description="File successfully backed up as D:\_Development\ICC\WebTaskManager\Backup\design\.svn\text-base\main.html.svn-base">
</Event><Event ErrorLevel="0" Project="WebTaskManager" Source="design\.svn\text-base\tasks-list.html.svn-base" Description="File successfully backed up as D:\_Development\ICC\WebTaskManager\Backup\design\.svn\text-base\tasks-list.html.svn-base">
</Event><Event ErrorLevel="0" Project="WebTaskManager" Source="design\.svn\text-base\tasks.html.svn-base" Description="File successfully backed up as D:\_Development\ICC\WebTaskManager\Backup\design\.svn\text-base\tasks.html.svn-base">
</Event><Event ErrorLevel="0" Project="WebTaskManager" Source="design\.svn\text-base\top.html.svn-base" Description="File successfully backed up as D:\_Development\ICC\WebTaskManager\Backup\design\.svn\text-base\top.html.svn-base">
</Event><Event ErrorLevel="0" Project="WebTaskManager" Source="design\images\.svn\all-wcprops" Description="File successfully backed up as D:\_Development\ICC\WebTaskManager\Backup\design\images\.svn\all-wcprops">
</Event><Event ErrorLevel="0" Project="WebTaskManager" Source="design\images\.svn\entries" Description="File successfully backed up as D:\_Development\ICC\WebTaskManager\Backup\design\images\.svn\entries">
</Event><Event ErrorLevel="0" Project="WebTaskManager" Source="design\images\.svn\format" Description="File successfully backed up as D:\_Development\ICC\WebTaskManager\Backup\design\images\.svn\format">
</Event><Event ErrorLevel="0" Project="WebTaskManager" Source="design\images\.svn\prop-base\button-bg.gif.svn-base" Description="File successfully backed up as D:\_Development\ICC\WebTaskManager\Backup\design\images\.svn\prop-base\button-bg.gif.svn-base">
</Event><Event ErrorLevel="0" Project="WebTaskManager" Source="design\images\.svn\prop-base\menu-between.gif.svn-base" Description="File successfully backed up as D:\_Development\ICC\WebTaskManager\Backup\design\images\.svn\prop-base\menu-between.gif.svn-base">
</Event><Event ErrorLevel="0" Project="WebTaskManager" Source="design\images\.svn\prop-base\menu-bg.gif.svn-base" Description="File successfully backed up as D:\_Development\ICC\WebTaskManager\Backup\design\images\.svn\prop-base\menu-bg.gif.svn-base">
</Event><Event ErrorLevel="0" Project="WebTaskManager" Source="design\images\.svn\prop-base\menu-item-left.gif.svn-base" Description="File successfully backed up as D:\_Development\ICC\WebTaskManager\Backup\design\images\.svn\prop-base\menu-item-left.gif.svn-base">
</Event><Event ErrorLevel="0" Project="WebTaskManager" Source="design\images\.svn\prop-base\menu-item-right.gif.svn-base" Description="File successfully backed up as D:\_Development\ICC\WebTaskManager\Backup\design\images\.svn\prop-base\menu-item-right.gif.svn-base">
</Event><Event ErrorLevel="0" Project="WebTaskManager" Source="design\images\.svn\prop-base\menu-item-white-left.gif.svn-base" Description="File successfully backed up as D:\_Development\ICC\WebTaskManager\Backup\design\images\.svn\prop-base\menu-item-white-left.gif.svn-base">
</Event><Event ErrorLevel="0" Project="WebTaskManager" Source="design\images\.svn\prop-base\menu-item-white-right.gif.svn-base" Description="File successfully backed up as D:\_Development\ICC\WebTaskManager\Backup\design\images\.svn\prop-base\menu-item-white-right.gif.svn-base">
</Event><Event ErrorLevel="0" Project="WebTaskManager" Source="design\images\.svn\prop-base\menu-middle.gif.svn-base" Description="File successfully backed up as D:\_Development\ICC\WebTaskManager\Backup\design\images\.svn\prop-base\menu-middle.gif.svn-base">
</Event><Event ErrorLevel="0" Project="WebTaskManager" Source="design\images\.svn\prop-base\menu-white-middle.gif.svn-base" Description="File successfully backed up as D:\_Development\ICC\WebTaskManager\Backup\design\images\.svn\prop-base\menu-white-middle.gif.svn-base">
</Event><Event ErrorLevel="0" Project="WebTaskManager" Source="design\images\.svn\prop-base\microsoft-hpc.gif.svn-base" Description="File successfully backed up as D:\_Development\ICC\WebTaskManager\Backup\design\images\.svn\prop-base\microsoft-hpc.gif.svn-base">
</Event><Event ErrorLevel="0" Project="WebTaskManager" Source="design\images\.svn\prop-base\pix.gif.svn-base" Description="File successfully backed up as D:\_Development\ICC\WebTaskManager\Backup\design\images\.svn\prop-base\pix.gif.svn-base">
</Event><Event ErrorLevel="0" Project="WebTaskManager" Source="design\images\.svn\prop-base\top-bg.gif.svn-base" Description="File successfully backed up as D:\_Development\ICC\WebTaskManager\Backup\design\images\.svn\prop-base\top-bg.gif.svn-base">
</Event><Event ErrorLevel="0" Project="WebTaskManager" Source="design\images\.svn\prop-base\top-button-bg.gif.svn-base" Description="File successfully backed up as D:\_Development\ICC\WebTaskManager\Backup\design\images\.svn\prop-base\top-button-bg.gif.svn-base">
</Event><Event ErrorLevel="0" Project="WebTaskManager" Source="design\images\.svn\text-base\button-bg.gif.svn-base" Description="File successfully backed up as D:\_Development\ICC\WebTaskManager\Backup\design\images\.svn\text-base\button-bg.gif.svn-base">
</Event><Event ErrorLevel="0" Project="WebTaskManager" Source="design\images\.svn\text-base\menu-between.gif.svn-base" Description="File successfully backed up as D:\_Development\ICC\WebTaskManager\Backup\design\images\.svn\text-base\menu-between.gif.svn-base">
</Event><Event ErrorLevel="0" Project="WebTaskManager" Source="design\images\.svn\text-base\menu-bg.gif.svn-base" Description="File successfully backed up as D:\_Development\ICC\WebTaskManager\Backup\design\images\.svn\text-base\menu-bg.gif.svn-base">
</Event><Event ErrorLevel="0" Project="WebTaskManager" Source="design\images\.svn\text-base\menu-item-left.gif.svn-base" Description="File successfully backed up as D:\_Development\ICC\WebTaskManager\Backup\design\images\.svn\text-base\menu-item-left.gif.svn-base">
</Event><Event ErrorLevel="0" Project="WebTaskManager" Source="design\images\.svn\text-base\menu-item-right.gif.svn-base" Description="File successfully backed up as D:\_Development\ICC\WebTaskManager\Backup\design\images\.svn\text-base\menu-item-right.gif.svn-base">
</Event><Event ErrorLevel="0" Project="WebTaskManager" Source="design\images\.svn\text-base\menu-item-white-left.gif.svn-base" Description="File successfully backed up as D:\_Development\ICC\WebTaskManager\Backup\design\images\.svn\text-base\menu-item-white-left.gif.svn-base">
</Event><Event ErrorLevel="0" Project="WebTaskManager" Source="design\images\.svn\text-base\menu-item-white-right.gif.svn-base" Description="File successfully backed up as D:\_Development\ICC\WebTaskManager\Backup\design\images\.svn\text-base\menu-item-white-right.gif.svn-base">
</Event><Event ErrorLevel="0" Project="WebTaskManager" Source="design\images\.svn\text-base\menu-middle.gif.svn-base" Description="File successfully backed up as D:\_Development\ICC\WebTaskManager\Backup\design\images\.svn\text-base\menu-middle.gif.svn-base">
</Event><Event ErrorLevel="0" Project="WebTaskManager" Source="design\images\.svn\text-base\menu-white-middle.gif.svn-base" Description="File successfully backed up as D:\_Development\ICC\WebTaskManager\Backup\design\images\.svn\text-base\menu-white-middle.gif.svn-base">
</Event><Event ErrorLevel="0" Project="WebTaskManager" Source="design\images\.svn\text-base\microsoft-hpc.gif.svn-base" Description="File successfully backed up as D:\_Development\ICC\WebTaskManager\Backup\design\images\.svn\text-base\microsoft-hpc.gif.svn-base">
</Event><Event ErrorLevel="0" Project="WebTaskManager" Source="design\images\.svn\text-base\pix.gif.svn-base" Description="File successfully backed up as D:\_Development\ICC\WebTaskManager\Backup\design\images\.svn\text-base\pix.gif.svn-base">
</Event><Event ErrorLevel="0" Project="WebTaskManager" Source="design\images\.svn\text-base\top-bg.gif.svn-base" Description="File successfully backed up as D:\_Development\ICC\WebTaskManager\Backup\design\images\.svn\text-base\top-bg.gif.svn-base">
</Event><Event ErrorLevel="0" Project="WebTaskManager" Source="design\images\.svn\text-base\top-button-bg.gif.svn-base" Description="File successfully backed up as D:\_Development\ICC\WebTaskManager\Backup\design\images\.svn\text-base\top-button-bg.gif.svn-base">
</Event><Event ErrorLevel="0" Project="WebTaskManager" Source="design\src\.svn\all-wcprops" Description="File successfully backed up as D:\_Development\ICC\WebTaskManager\Backup\design\src\.svn\all-wcprops">
</Event><Event ErrorLevel="0" Project="WebTaskManager" Source="design\src\.svn\entries" Description="File successfully backed up as D:\_Development\ICC\WebTaskManager\Backup\design\src\.svn\entries">
</Event><Event ErrorLevel="0" Project="WebTaskManager" Source="design\src\.svn\format" Description="File successfully backed up as D:\_Development\ICC\WebTaskManager\Backup\design\src\.svn\format">
</Event><Event ErrorLevel="0" Project="WebTaskManager" Source="design\src\.svn\prop-base\cluster.css.svn-base" Description="File successfully backed up as D:\_Development\ICC\WebTaskManager\Backup\design\src\.svn\prop-base\cluster.css.svn-base">
</Event><Event ErrorLevel="0" Project="WebTaskManager" Source="design\src\.svn\prop-base\frame.css.svn-base" Description="File successfully backed up as D:\_Development\ICC\WebTaskManager\Backup\design\src\.svn\prop-base\frame.css.svn-base">
</Event><Event ErrorLevel="0" Project="WebTaskManager" Source="design\src\.svn\prop-base\ie.css.svn-base" Description="File successfully backed up as D:\_Development\ICC\WebTaskManager\Backup\design\src\.svn\prop-base\ie.css.svn-base">
</Event><Event ErrorLevel="0" Project="WebTaskManager" Source="design\src\.svn\prop-base\ie6.css.svn-base" Description="File successfully backed up as D:\_Development\ICC\WebTaskManager\Backup\design\src\.svn\prop-base\ie6.css.svn-base">
</Event><Event ErrorLevel="0" Project="WebTaskManager" Source="design\src\.svn\text-base\cluster.css.svn-base" Description="File successfully backed up as D:\_Development\ICC\WebTaskManager\Backup\design\src\.svn\text-base\cluster.css.svn-base">
</Event><Event ErrorLevel="0" Project="WebTaskManager" Source="design\src\.svn\text-base\frame.css.svn-base" Description="File successfully backed up as D:\_Development\ICC\WebTaskManager\Backup\design\src\.svn\text-base\frame.css.svn-base">
</Event><Event ErrorLevel="0" Project="WebTaskManager" Source="design\src\.svn\text-base\ie.css.svn-base" Description="File successfully backed up as D:\_Development\ICC\WebTaskManager\Backup\design\src\.svn\text-base\ie.css.svn-base">
</Event><Event ErrorLevel="0" Project="WebTaskManager" Source="design\src\.svn\text-base\ie6.css.svn-base" Description="File successfully backed up as D:\_Development\ICC\WebTaskManager\Backup\design\src\.svn\text-base\ie6.css.svn-base">
</Event><Event ErrorLevel="0" Project="WebTaskManager" Source="TaskStatisticDataSet.xsc" Description="File successfully backed up as D:\_Development\ICC\WebTaskManager\Backup\TaskStatisticDataSet.xsc">
</Event><Event ErrorLevel="0" Project="WebTaskManager" Source="TaskStatisticDataSet.xsd" Description="File successfully backed up as D:\_Development\ICC\WebTaskManager\Backup\TaskStatisticDataSet.xsd">
</Event><Event ErrorLevel="0" Project="WebTaskManager" Source="TaskStatisticDataSet.xss" Description="File successfully backed up as D:\_Development\ICC\WebTaskManager\Backup\TaskStatisticDataSet.xss">
</Event><Event ErrorLevel="0" Project="WebTaskManager" Source="Default.aspx" Description="File successfully backed up as D:\_Development\ICC\WebTaskManager\Backup\Default.aspx">
</Event><Event ErrorLevel="0" Project="WebTaskManager" Source="Web.config" Description="File successfully backed up as D:\_Development\ICC\WebTaskManager\Backup\Web.config">
</Event><Event ErrorLevel="0" Project="WebTaskManager" Source="App_Code\Upload.cs" Description="File successfully backed up as D:\_Development\ICC\WebTaskManager\Backup\App_Code\Upload.cs">
</Event><Event ErrorLevel="0" Project="WebTaskManager" Source="MasterPage.Master" Description="File successfully backed up as D:\_Development\ICC\WebTaskManager\Backup\MasterPage.Master">
</Event><Event ErrorLevel="0" Project="WebTaskManager" Source="ClusterPerformance.aspx" Description="File successfully backed up as D:\_Development\ICC\WebTaskManager\Backup\ClusterPerformance.aspx">
</Event><Event ErrorLevel="0" Project="WebTaskManager" Source="ClusterTasksStatistic.aspx" Description="File successfully backed up as D:\_Development\ICC\WebTaskManager\Backup\ClusterTasksStatistic.aspx">
</Event><Event ErrorLevel="0" Project="WebTaskManager" Source="design\bottom.html" Description="File successfully backed up as D:\_Development\ICC\WebTaskManager\Backup\design\bottom.html">
</Event><Event ErrorLevel="0" Project="WebTaskManager" Source="design\favicon.ico" Description="File successfully backed up as D:\_Development\ICC\WebTaskManager\Backup\design\favicon.ico">
</Event><Event ErrorLevel="0" Project="WebTaskManager" Source="design\images\button-bg.gif" Description="File successfully backed up as D:\_Development\ICC\WebTaskManager\Backup\design\images\button-bg.gif">
</Event><Event ErrorLevel="0" Project="WebTaskManager" Source="design\images\menu-between.gif" Description="File successfully backed up as D:\_Development\ICC\WebTaskManager\Backup\design\images\menu-between.gif">
</Event><Event ErrorLevel="0" Project="WebTaskManager" Source="design\images\menu-bg.gif" Description="File successfully backed up as D:\_Development\ICC\WebTaskManager\Backup\design\images\menu-bg.gif">
</Event><Event ErrorLevel="0" Project="WebTaskManager" Source="design\images\menu-item-left.gif" Description="File successfully backed up as D:\_Development\ICC\WebTaskManager\Backup\design\images\menu-item-left.gif">
</Event><Event ErrorLevel="0" Project="WebTaskManager" Source="design\images\menu-item-right.gif" Description="File successfully backed up as D:\_Development\ICC\WebTaskManager\Backup\design\images\menu-item-right.gif">
</Event><Event ErrorLevel="0" Project="WebTaskManager" Source="design\images\menu-item-white-left.gif" Description="File successfully backed up as D:\_Development\ICC\WebTaskManager\Backup\design\images\menu-item-white-left.gif">
</Event><Event ErrorLevel="0" Project="WebTaskManager" Source="design\images\menu-item-white-right.gif" Description="File successfully backed up as D:\_Development\ICC\WebTaskManager\Backup\design\images\menu-item-white-right.gif">
</Event><Event ErrorLevel="0" Project="WebTaskManager" Source="design\images\menu-middle.gif" Description="File successfully backed up as D:\_Development\ICC\WebTaskManager\Backup\design\images\menu-middle.gif">
</Event><Event ErrorLevel="0" Project="WebTaskManager" Source="design\images\menu-white-middle.gif" Description="File successfully backed up as D:\_Development\ICC\WebTaskManager\Backup\design\images\menu-white-middle.gif">
</Event><Event ErrorLevel="0" Project="WebTaskManager" Source="design\images\microsoft-hpc.gif" Description="File successfully backed up as D:\_Development\ICC\WebTaskManager\Backup\design\images\microsoft-hpc.gif">
</Event><Event ErrorLevel="0" Project="WebTaskManager" Source="design\images\pix.gif" Description="File successfully backed up as D:\_Development\ICC\WebTaskManager\Backup\design\images\pix.gif">
</Event><Event ErrorLevel="0" Project="WebTaskManager" Source="design\images\top-bg.gif" Description="File successfully backed up as D:\_Development\ICC\WebTaskManager\Backup\design\images\top-bg.gif">
</Event><Event ErrorLevel="0" Project="WebTaskManager" Source="design\images\top-button-bg.gif" Description="File successfully backed up as D:\_Development\ICC\WebTaskManager\Backup\design\images\top-button-bg.gif">
</Event><Event ErrorLevel="0" Project="WebTaskManager" Source="design\main.html" Description="File successfully backed up as D:\_Development\ICC\WebTaskManager\Backup\design\main.html">
</Event><Event ErrorLevel="0" Project="WebTaskManager" Source="design\src\cluster.css" Description="File successfully backed up as D:\_Development\ICC\WebTaskManager\Backup\design\src\cluster.css">
</Event><Event ErrorLevel="0" Project="WebTaskManager" Source="design\src\frame.css" Description="File successfully backed up as D:\_Development\ICC\WebTaskManager\Backup\design\src\frame.css">
</Event><Event ErrorLevel="0" Project="WebTaskManager" Source="design\src\ie.css" Description="File successfully backed up as D:\_Development\ICC\WebTaskManager\Backup\design\src\ie.css">
</Event><Event ErrorLevel="0" Project="WebTaskManager" Source="design\src\ie6.css" Description="File successfully backed up as D:\_Development\ICC\WebTaskManager\Backup\design\src\ie6.css">
</Event><Event ErrorLevel="0" Project="WebTaskManager" Source="design\tasks-list.html" Description="File successfully backed up as D:\_Development\ICC\WebTaskManager\Backup\design\tasks-list.html">
</Event><Event ErrorLevel="0" Project="WebTaskManager" Source="design\tasks.html" Description="File successfully backed up as D:\_Development\ICC\WebTaskManager\Backup\design\tasks.html">
</Event><Event ErrorLevel="0" Project="WebTaskManager" Source="design\top.html" Description="File successfully backed up as D:\_Development\ICC\WebTaskManager\Backup\design\top.html">
</Event><Event ErrorLevel="0" Project="WebTaskManager" Source="FileManager\FileManager.ascx" Description="File successfully backed up as D:\_Development\ICC\WebTaskManager\Backup\FileManager\FileManager.ascx">
</Event><Event ErrorLevel="0" Project="WebTaskManager" Source="FileManager\FileManager.js" Description="File successfully backed up as D:\_Development\ICC\WebTaskManager\Backup\FileManager\FileManager.js">
</Event><Event ErrorLevel="0" Project="WebTaskManager" Source="Login.aspx" Description="File successfully backed up as D:\_Development\ICC\WebTaskManager\Backup\Login.aspx">
</Event><Event ErrorLevel="0" Project="WebTaskManager" Source="Task\SendFiles.aspx" Description="File successfully backed up as D:\_Development\ICC\WebTaskManager\Backup\Task\SendFiles.aspx">
</Event><Event ErrorLevel="0" Project="WebTaskManager" Source="Task\AddJob.aspx" Description="File successfully backed up as D:\_Development\ICC\WebTaskManager\Backup\Task\AddJob.aspx">
</Event><Event ErrorLevel="0" Project="WebTaskManager" Source="Task\ShowTasks.aspx" Description="File successfully backed up as D:\_Development\ICC\WebTaskManager\Backup\Task\ShowTasks.aspx">
</Event><Event ErrorLevel="0" Project="WebTaskManager" Source="Web.sitemap" Description="File successfully backed up as D:\_Development\ICC\WebTaskManager\Backup\Web.sitemap">
</Event><Event ErrorLevel="0" Project="WebTaskManager" Source="Task\WorkDirectory.aspx" Description="File successfully backed up as D:\_Development\ICC\WebTaskManager\Backup\Task\WorkDirectory.aspx">
</Event><Event ErrorLevel="0" Project="WebTaskManager" Source="Reports\ClusterTaskStatistic.rdlc" Description="File successfully backed up as D:\_Development\ICC\WebTaskManager\Backup\Reports\ClusterTaskStatistic.rdlc">
</Event><Event ErrorLevel="0" Project="WebTaskManager" Source="Reports\ReportMemoryUsageHNODE.rdlc" Description="File successfully backed up as D:\_Development\ICC\WebTaskManager\Backup\Reports\ReportMemoryUsageHNODE.rdlc">
</Event><Event ErrorLevel="0" Project="WebTaskManager" Source="Reports\ReportMemoryUsageNODE01.rdlc" Description="File successfully backed up as D:\_Development\ICC\WebTaskManager\Backup\Reports\ReportMemoryUsageNODE01.rdlc">
</Event><Event ErrorLevel="0" Project="WebTaskManager" Source="Reports\ReportMemoryUsageNODE02.rdlc" Description="File successfully backed up as D:\_Development\ICC\WebTaskManager\Backup\Reports\ReportMemoryUsageNODE02.rdlc">
</Event><Event ErrorLevel="0" Project="WebTaskManager" Source="Reports\ReportMemoryUsageNODE03.rdlc" Description="File successfully backed up as D:\_Development\ICC\WebTaskManager\Backup\Reports\ReportMemoryUsageNODE03.rdlc">
</Event><Event ErrorLevel="0" Project="WebTaskManager" Source="Reports\ReportMemoryUsageNODE04.rdlc" Description="File successfully backed up as D:\_Development\ICC\WebTaskManager\Backup\Reports\ReportMemoryUsageNODE04.rdlc">
</Event><Event ErrorLevel="0" Project="WebTaskManager" Source="Reports\ReportMemoryUsageNODE05.rdlc" Description="File successfully backed up as D:\_Development\ICC\WebTaskManager\Backup\Reports\ReportMemoryUsageNODE05.rdlc">
</Event><Event ErrorLevel="0" Project="WebTaskManager" Source="Reports\ReportMemoryUsageNODE06.rdlc" Description="File successfully backed up as D:\_Development\ICC\WebTaskManager\Backup\Reports\ReportMemoryUsageNODE06.rdlc">
</Event><Event ErrorLevel="0" Project="WebTaskManager" Source="Reports\ReportMemoryUsageNODE07.rdlc" Description="File successfully backed up as D:\_Development\ICC\WebTaskManager\Backup\Reports\ReportMemoryUsageNODE07.rdlc">
</Event><Event ErrorLevel="0" Project="WebTaskManager" Source="Reports\ReportMemoryUsageNODE08.rdlc" Description="File successfully backed up as D:\_Development\ICC\WebTaskManager\Backup\Reports\ReportMemoryUsageNODE08.rdlc">
</Event><Event ErrorLevel="0" Project="WebTaskManager" Source="Reports\ReportMemoryUsageNODE09.rdlc" Description="File successfully backed up as D:\_Development\ICC\WebTaskManager\Backup\Reports\ReportMemoryUsageNODE09.rdlc">
</Event><Event ErrorLevel="0" Project="WebTaskManager" Source="Reports\ReportMemoryUsageNODE10.rdlc" Description="File successfully backed up as D:\_Development\ICC\WebTaskManager\Backup\Reports\ReportMemoryUsageNODE10.rdlc">
</Event><Event ErrorLevel="0" Project="WebTaskManager" Source="Reports\ReportMemoryUsageNODE11.rdlc" Description="File successfully backed up as D:\_Development\ICC\WebTaskManager\Backup\Reports\ReportMemoryUsageNODE11.rdlc">
</Event><Event ErrorLevel="0" Project="WebTaskManager" Source="Reports\ReportMemoryUsageNODE12.rdlc" Description="File successfully backed up as D:\_Development\ICC\WebTaskManager\Backup\Reports\ReportMemoryUsageNODE12.rdlc">
</Event><Event ErrorLevel="0" Project="WebTaskManager" Source="Reports\ReportProcessorUsageHNODE.rdlc" Description="File successfully backed up as D:\_Development\ICC\WebTaskManager\Backup\Reports\ReportProcessorUsageHNODE.rdlc">
</Event><Event ErrorLevel="0" Project="WebTaskManager" Source="Reports\ReportProcessorUsageNODE01.rdlc" Description="File successfully backed up as D:\_Development\ICC\WebTaskManager\Backup\Reports\ReportProcessorUsageNODE01.rdlc">
</Event><Event ErrorLevel="0" Project="WebTaskManager" Source="Reports\ReportProcessorUsageNODE02.rdlc" Description="File successfully backed up as D:\_Development\ICC\WebTaskManager\Backup\Reports\ReportProcessorUsageNODE02.rdlc">
</Event><Event ErrorLevel="0" Project="WebTaskManager" Source="Reports\ReportProcessorUsageNODE03.rdlc" Description="File successfully backed up as D:\_Development\ICC\WebTaskManager\Backup\Reports\ReportProcessorUsageNODE03.rdlc">
</Event><Event ErrorLevel="0" Project="WebTaskManager" Source="Reports\ReportProcessorUsageNODE04.rdlc" Description="File successfully backed up as D:\_Development\ICC\WebTaskManager\Backup\Reports\ReportProcessorUsageNODE04.rdlc">
</Event><Event ErrorLevel="0" Project="WebTaskManager" Source="Reports\ReportProcessorUsageNODE05.rdlc" Description="File successfully backed up as D:\_Development\ICC\WebTaskManager\Backup\Reports\ReportProcessorUsageNODE05.rdlc">
</Event><Event ErrorLevel="0" Project="WebTaskManager" Source="Reports\ReportProcessorUsageNODE06.rdlc" Description="File successfully backed up as D:\_Development\ICC\WebTaskManager\Backup\Reports\ReportProcessorUsageNODE06.rdlc">
</Event><Event ErrorLevel="0" Project="WebTaskManager" Source="Reports\ReportProcessorUsageNODE07.rdlc" Description="File successfully backed up as D:\_Development\ICC\WebTaskManager\Backup\Reports\ReportProcessorUsageNODE07.rdlc">
</Event><Event ErrorLevel="0" Project="WebTaskManager" Source="Reports\ReportProcessorUsageNODE08.rdlc" Description="File successfully backed up as D:\_Development\ICC\WebTaskManager\Backup\Reports\ReportProcessorUsageNODE08.rdlc">
</Event><Event ErrorLevel="0" Project="WebTaskManager" Source="Reports\ReportProcessorUsageNODE09.rdlc" Description="File successfully backed up as D:\_Development\ICC\WebTaskManager\Backup\Reports\ReportProcessorUsageNODE09.rdlc">
</Event><Event ErrorLevel="0" Project="WebTaskManager" Source="Reports\ReportProcessorUsageNODE10.rdlc" Description="File successfully backed up as D:\_Development\ICC\WebTaskManager\Backup\Reports\ReportProcessorUsageNODE10.rdlc">
</Event><Event ErrorLevel="0" Project="WebTaskManager" Source="Reports\ReportProcessorUsageNODE11.rdlc" Description="File successfully backed up as D:\_Development\ICC\WebTaskManager\Backup\Reports\ReportProcessorUsageNODE11.rdlc">
</Event><Event ErrorLevel="0" Project="WebTaskManager" Source="Reports\ReportProcessorUsageNODE12.rdlc" Description="File successfully backed up as D:\_Development\ICC\WebTaskManager\Backup\Reports\ReportProcessorUsageNODE12.rdlc">
</Event><Event ErrorLevel="0" Project="WebTaskManager" Source="WebTaskManager.csproj" Description="Project converted successfully">
</Event><Event ErrorLevel="3" Project="WebTaskManager" Source="WebTaskManager.csproj" Description="Converted">
</Event><Event ErrorLevel="0" Project="" Source="WebTaskManager.sln" Description="Solution converted successfully">
</Event><Event ErrorLevel="3" Project="" Source="WebTaskManager.sln" Description="Converted">
</Event><Event ErrorLevel="0" Project="WebTaskManager" Source="WebTaskManager.csproj" Description="Scan complete: Upgrade not required for project files.">
</Event></UpgradeLog>